Name,Position,Salary
Max Scherzer,SP,"$43,333,333"
Mike Trout,CF,"$37,216,667"
Anthony Rendon,3B,"$36,571,428"
Gerrit Cole,SP,"$36,000,000"
Jacob deGrom,SP,"$36,000,000"
Trevor Bauer,SP,"$35,333,333"
Carlos Correa,SS,"$35,100,000"
Nolan Arenado,3B,"$35,075,000"
Stephen Strasburg,SP,"$35,000,000"
Francisco Lindor,SS,"$34,100,000"
Corey Seager,SS,"$33,000,000"
David Price,RP,"$32,000,000"
Manny Machado,3B,"$32,000,000"
Miguel Cabrera,DH,"$32,000,000"
Chris Sale,SP,"$30,000,000"
George Springer,CF,"$29,666,666"
Giancarlo Stanton,RF,"$29,000,000"
Jose Altuve,2B,"$29,000,000"
Bryce Harper,DH,"$27,638,462"
Freddie Freeman,1B,"$27,000,000"
Paul Goldschmidt,1B,"$26,300,000"
Christian Yelich,LF,"$26,000,000"
Zack Wheeler,SP,"$26,000,000"
Marcus Stroman,SP,"$25,000,000"
Justin Verlander,SP,"$25,000,000"
Marcus Semien,2B,"$25,000,000"
Joey Votto,1B,"$25,000,000"
Jason Heyward,RF,"$24,500,000"
J.T. Realmuto,C,"$23,875,000"
Patrick Corbin,SP,"$23,416,666"
Josh Donaldson,DH,"$23,000,000"
Madison Bumgarner,SP,"$23,000,000"
Mookie Betts,RF,"$22,500,000"
Wil Myers,RF,"$22,500,000"
Jose Ramirez,3B,"$22,000,000"
Carlos Rodon,SP,"$21,500,000"
Charlie Blackmon,DH,"$21,333,333"
Noah Syndergaard,SP,"$21,000,000"
Robbie Ray,SP,"$21,000,000"
Trea Turner,SS,"$21,000,000"
Kevin Gausman,SP,"$21,000,000"
Charlie Morton,SP,"$20,000,000"
Nick Castellanos,RF,"$20,000,000"
Justin Turner,3B,"$20,000,000"
Clayton Kershaw,SP,"$20,000,000"
Yu Darvish,SP,"$20,000,000"
Xander Bogaerts,SS,"$20,000,000"
Trevor Story,2B,"$20,000,000"
Hyun-Jin Ryu,SP,"$20,000,000"
Javier Baez,SS,"$20,000,000"
Jose Abreu,1B,"$19,666,668"
Evan Longoria,3B,"$19,500,000"
J.D. Martinez,DH,"$19,350,000"
Kyle Schwarber,LF,"$19,000,000"
Aaron Judge,CF,"$19,000,000"
Lance Lynn,SP,"$18,500,000"
Brandon Belt,1B,"$18,400,000"
Yasmani Grandal,C,"$18,250,000"
Aroldis Chapman,RP,"$18,000,000"
Salvador Perez,C,"$18,000,000"
Kris Bryant,LF,"$18,000,000"
Adam Wainwright,SP,"$17,500,000"
Juan Soto,RF,"$17,100,000"
Cody Bellinger,CF,"$17,000,000"
Nathan Eovaldi,SP,"$17,000,000"
Miles Mikolas,SP,"$16,750,000"
Kenley Jansen,RP/CL,"$16,000,000"
Marcell Ozuna,DH,"$16,000,000"
Anthony Rizzo,1B,"$16,000,000"
Michael Brantley,LF,"$16,000,000"
Craig Kimbrel,RP,"$16,000,000"
Brandon Crawford,SS,"$16,000,000"
Yusei Kikuchi,RP,"$16,000,000"
Mike Moustakas,DH,"$16,000,000"
Lance McCullers,SP,"$15,950,000"
Starling Marte,RF,"$15,750,000"
Aaron Nola,SP,"$15,500,000"
Ronald Acuna Jr.,RF,"$15,000,000"
Matt Olson,1B,"$15,000,000"
D.J. LeMahieu,3B,"$15,000,000"
Chris Taylor,LF,"$15,000,000"
Jon Gray,SP,"$15,000,000"
Jean Segura,2B,"$14,850,000"
A.J. Pollock,LF,"$14,500,000"
Zack Britton,RP,"$14,000,000"
Kyle Hendricks,SP,"$14,000,000"
Eduardo Rodriguez,SP,"$14,000,000"
Yoan Moncada,3B,"$13,800,000"
Alex Wood,SP,"$13,500,000"
Liam Hendriks,RP/CL,"$13,333,333"
Blake Snell,SP,"$13,100,000"
Alex Bregman,3B,"$13,000,000"
Will Smith,RP,"$13,000,000"
Max Muncy,DH,"$13,000,000"
Corey Kluber,SP,"$13,000,000"
Zack Greinke,SP,"$13,000,000"
Mark Canha,LF,"$12,666,666"
Matt Chapman,3B,"$12,500,000"
Kevin Kiermaier,CF,"$12,166,668"
Nelson Cruz,DH,"$12,000,000"
Avisail Garcia,RF,"$12,000,000"
Jorge Soler,LF,"$12,000,000"
Carlos Carrasco,SP,"$12,000,000"
Anthony DeSclafani,SP,"$12,000,000"
Sonny Gray,SP,"$11,866,667"
Luis Severino,SP,"$11,500,000"
German Marquez,SP,"$11,300,000"
Eugenio Suarez,3B,"$11,285,714"
Rafael Devers,3B,"$11,200,000"
Carlos Santana,1B,"$11,175,000"
Josh Hader,RP/CL,"$11,000,000"
Aaron Hicks,CF,"$10,785,714"
Jose Berrios,SP,"$10,714,285"
Teoscar Hernandez,DH,"$10,650,000"
Randal Grichuk,RF,"$10,333,333"
Joey Gallo,LF,"$10,275,000"
Edwin Diaz,RP/CL,"$10,200,000"
Raisel Iglesias,RP/CL,"$10,000,000"
Dansby Swanson,SS,"$10,000,000"
Corey Knebel,RP,"$10,000,000"
Wade Miley,SP,"$10,000,000"
Ke'Bryan Hayes,3B,"$10,000,000"
Ryan Pressly,RP/CL,"$10,000,000"
Yadier Molina,C,"$10,000,000"
Drew Pomeranz,RP,"$10,000,000"
Josh Bell,1B,"$10,000,000"
Eduardo Escobar,3B,"$10,000,000"
Mike Minor,SP,"$10,000,000"
Sean Manaea,SP,"$9,750,000"
Willson Contreras,C,"$9,625,000"
Tim Anderson,SS,"$9,500,000"
Adam Duvall,LF,"$9,275,000"
Miguel Sano,1B,"$9,250,000"
Byron Buxton,CF,"$9,142,857"
Eddie Rosario,LF,"$9,000,000"
Gary Sanchez,C,"$9,000,000"
Alex Cobb,SP,"$9,000,000"
Chris Bassitt,SP,"$8,650,000"
Joe Musgrove,SP,"$8,625,000"
Kolten Wong,2B,"$8,500,000"
Andrew McCutchen,DH,"$8,500,000"
Jake Odorizzi,SP,"$8,500,000"
Andrew Benintendi,LF,"$8,500,000"
Tyler Anderson,SP,"$8,500,000"
Andrew Heaney,SP,"$8,500,000"
Steven Matz,RP,"$8,500,000"
Mike Clevinger,SP,"$8,500,000"
Ketel Marte,2B,"$8,400,000"
Jackson Holliday,SS,"$8,190,000"
Druw Jones,CF,"$8,189,400"
David Peralta,LF,"$8,150,000"
James McCann,C,"$8,150,000"
Nick Ahmed,SS,"$8,125,000"
Matt Barnes,RP,"$8,125,000"
Travis d'Arnaud,C,"$8,000,000"
Adam Frazier,2B,"$8,000,000"
Kyle Gibson,SP,"$8,000,000"
Seiya Suzuki,RF,"$8,000,000"
Yulieski Gurriel,1B,"$8,000,000"
Hector Neris,RP,"$8,000,000"
Blake Treinen,RP,"$8,000,000"
Julio Urias,SP,"$8,000,000"
Will Harris,RP,"$8,000,000"
Kendall Graveman,RP,"$8,000,000"
Enrique Hernandez,CF,"$8,000,000"
Vladimir Guerrero Jr.,1B,"$7,900,000"
Mitch Haniger,RF,"$7,750,000"
Trevor May,RP/CL,"$7,750,000"
Tucker Barnhart,C,"$7,750,000"
Rhys Hoskins,1B,"$7,700,000"
Hunter Renfroe,RF,"$7,650,000"
Trey Mancini,1B,"$7,500,000"
Aaron Loup,RP,"$7,500,000"
Jonathan Schoop,2B,"$7,500,000"
Lucas Giolito,SP,"$7,450,000"
Pete Alonso,1B,"$7,400,000"
Luis Castillo,SP,"$7,350,000"
Jurickson Profar,LF,"$7,333,333"
Eloy Jimenez,LF,"$7,333,333"
Taylor Rogers,RP,"$7,300,000"
Walker Buehler,SP,"$7,250,000"
C.J. Cron,1B,"$7,250,000"
Antonio Senzatela,SP,"$7,250,000"
Temarr Johnson,2B,"$7,219,000"
Christian Vazquez,C,"$7,000,000"
Mike Zunino,C,"$7,000,000"
Joe Kelly,RP,"$7,000,000"
Kyle Freeland,SP,"$7,000,000"
Scott Oberg,RP,"$7,000,000"
Ha-seong Kim,SS,"$7,000,000"
Mark Melancon,RP,"$7,000,000"
Brandon Nimmo,CF,"$7,000,000"
Taijuan Walker,SP,"$7,000,000"
Michael Wacha,SP,"$7,000,000"
Whit Merrifield,2B,"$7,000,000"
Ryan Tepera,RP,"$7,000,000"
Max Fried,SP,"$6,850,000"
Ian Happ,LF,"$6,850,000"
Brandon Woodruff,SP,"$6,800,000"
Bryan Reynolds,CF,"$6,750,000"
Max Kepler,RF,"$6,750,000"
Michael Lorenzen,SP,"$6,750,000"
Giovanny Urshela,3B,"$6,550,000"
Corbin Burnes,SP,"$6,500,000"
Elijah Green,CF,"$6,500,000"
Gleyber Torres,2B,"$6,250,000"
Jesse Winker,LF,"$6,250,000"
Paul DeJong,SS,"$6,166,666"
J.P. Crawford,SS,"$6,000,000"
Yan Gomes,C,"$6,000,000"
Brad Hand,RP,"$6,000,000"
Shane Bieber,SP,"$6,000,000"
Daniel Hudson,RP/CL,"$6,000,000"
Jordan Lyles,SP,"$6,000,000"
Jordan Montgomery,SP,"$6,000,000"
Luis Robert,CF,"$6,000,000"
Nick Martinez,RP,"$6,000,000"
Robert Suarez,RP,"$6,000,000"
Jacob Berry,1B,"$6,000,000"
Brad Miller,LF,"$6,000,000"
James Paxton,SP,"$6,000,000"
Joc Pederson,LF,"$6,000,000"
Tommy Pham,LF,"$6,000,000"
Andrew Chafin,RP/CL,"$6,000,000"
Jameson Taillon,SP,"$5,800,000"
Jeimer Candelario,3B,"$5,800,000"
Marco Gonzales,SP,"$5,750,000"
Fernando Tatis Jr.,SS,"$5,714,286"
Brooks Lee,SS,"$5,675,000"
Manuel Margot,RF,"$5,600,000"
Zach Eflin,RP,"$5,550,000"
Jorge Polanco,2B,"$5,500,000"
Leury Garcia,2B,"$5,500,000"
Miguel Rojas,SS,"$5,500,000"
Rich Hill,SP,"$5,500,000"
Yimi Garcia,RP,"$5,500,000"
Shohei Ohtani,SP,"$5,500,000"
Luke Voit,DH,"$5,450,000"
Merrill Kelly,SP,"$5,250,000"
Jose Leclerc,RP/CL,"$5,250,000"
Tommy La Stella,DH,"$5,250,000"
Gavin Cross,RF,"$5,202,900"
Matt Boyd,RP,"$5,200,000"
Tyler Mahle,SP,"$5,200,000"
Kumar Rocker,SP,"$5,200,000"
Kole Calhoun,LF,"$5,200,000"
David Robertson,RP/CL,"$5,100,000"
Tyler Glasnow,SP,"$5,100,000"
Frankie Montas,SP,"$5,025,000"
Kevin Parada,C,"$5,019,735"
Omar Narvaez,C,"$5,000,000"
Ozzie Albies,2B,"$5,000,000"
Robbie Grossman,LF,"$5,000,000"
Roberto Perez,C,"$5,000,000"
Martin Maldonado,C,"$5,000,000"
Corey Dickerson,LF,"$5,000,000"
Jack Flaherty,SP,"$5,000,000"
Jose Iglesias,SS,"$5,000,000"
Ryan McMahon,3B,"$5,000,000"
Adam Ottavino,RP,"$5,000,000"
Cam Collier,3B,"$5,000,000"
Amed Rosario,SS,"$4,950,000"
Michael Fulmer,RP/CL,"$4,950,000"
Lourdes Gurriel Jr.,LF,"$4,928,571"
Christian Vaquero,OF,"$4,900,000"
Brad Keller,RP,"$4,825,000"
Dinelson Lamet,RP,"$4,775,000"
Jason Castro,C,"$4,750,000"
Hunter Dozier,1B,"$4,750,000"
Harrison Bader,CF,"$4,700,000"
Isiah Kiner-Falefa,SS,"$4,700,000"
Michael Taylor,CF,"$4,650,000"
Willy Adames,SS,"$4,600,000"
Jace Jung,2B,"$4,590,300"
Franmil Reyes,DH,"$4,550,000"
Joe Wendle,3B,"$4,550,000"
Trevor Rosenthal,RP,"$4,500,000"
Cesar Hernandez,2B,"$4,500,000"
Ian Kennedy,RP,"$4,500,000"
Donovan Solano,2B,"$4,500,000"
Brian Anderson,3B,"$4,475,000"
Cade Horton,SP,"$4,450,000"
Aledmys Diaz,SS,"$4,450,000"
Daniel Bard,RP/CL,"$4,400,000"
Drew Smyly,SP,"$4,250,000"
Brooks Raley,RP,"$4,250,000"
Connor Godwin,P,"$4,200,000"
Johnny Cueto,SP,"$4,200,000"
Alex Colome,RP,"$4,100,000"
Tyler Naquin,DH,"$4,025,000"
Collin McHugh,RP,"$4,000,000"
Roderick Arias,SS,"$4,000,000"
Chad Green,RP,"$4,000,000"
Austin Hedges,C,"$4,000,000"
Dylan Bundy,SP,"$4,000,000"
Brandon Lowe,2B,"$4,000,000"
Josh Harrison,2B,"$4,000,000"
Gabriel Hughes,SP,"$4,000,000"
Craig Stammen,RP,"$4,000,000"
Martin Perez,SP,"$4,000,000"
David Fletcher,SS,"$4,000,000"
Austin Meadows,LF,"$4,000,000"
Austin Riley,3B,"$3,950,000"
Raimel Tapia,RF,"$3,950,000"
Seth Lugo,RP,"$3,925,000"
Dylan Lesko,SP,"$3,900,000"
Jett Williams,CF,"$3,900,000"
Trevor Williams,RP,"$3,900,000"
Justin Crawford,CF,"$3,894,800"
Ryan Yarbrough,SP,"$3,850,000"
Sandy Alcantara,SP,"$3,800,000"
Ross Stripling,SP,"$3,790,000"
Chase DeLauter,RF,"$3,750,000"
Archie Bradley,RP,"$3,750,000"
Tommy Kahnle,RP,"$3,725,000"
Brock Porter,SP,"$3,700,000"
Mike Yastrzemski,CF,"$3,700,000"
Luke Jackson,RP,"$3,600,000"
Brandon Barriera,SP,"$3,597,500"
Alex Verdugo,LF,"$3,550,000"
Daniel Susac,C,"$3,531,200"
Manuel Pina,C,"$3,500,000"
Mychal Givens,RP,"$3,500,000"
Wilmer Flores,DH,"$3,500,000"
Zach Neto,2B,"$3,500,000"
David Phelps,RP,"$3,500,000"
Tyler O'Neill,LF,"$3,400,000"
Mitch Garver,C,"$3,335,000"
Carson Kelly,C,"$3,325,000"
Cole Young,SS,"$3,300,000"
Chris Martin,RP,"$3,250,000"
Luis Garcia,RP,"$3,250,000"
Ji-Man Choi,1B,"$3,200,000"
Cooper Hjerpe,SP,"$3,182,200"
Kyle Farmer,SS,"$3,155,000"
Anthony Santander,RF,"$3,150,000"
Kenta Maeda,SP,"$3,125,000"
Chris Flexen,RP,"$3,050,000"
Carlos Estevez,RP/CL,"$3,025,000"
Jackson Ferris,SP,"$3,005,000"
Lou Trivino,RP,"$3,000,000"
Framber Valdez,SP,"$3,000,000"
Danny Duffy,RP,"$3,000,000"
Adalberto Mondesi,SS,"$3,000,000"
Vincent Velasquez,RP,"$3,000,000"
Elias Diaz,C,"$3,000,000"
Chad Kuhl,SP,"$3,000,000"
Dylan Floro,RP,"$3,000,000"
Robby Snelling,SP,"$3,000,000"
Pierce Johnson,RP,"$3,000,000"
Jeff McNeil,2B,"$3,000,000"
Darin Ruf,DH,"$3,000,000"
Matthew Strahm,RP,"$3,000,000"
Max Stassi,C,"$3,000,000"
Anthony Bass,RP,"$3,000,000"
John Means,SP,"$2,950,000"
Spencer Jones,RF,"$2,880,800"
Luke Weaver,RP,"$2,875,000"
Alexander Reyes,RP,"$2,850,000"
Yandy Diaz,3B,"$2,800,000"
Noah Schultz,P,"$2,800,000"
Dyan Jorge,SS,"$2,800,000"
J.D. Davis,3B,"$2,760,000"
Chris Archer,SP,"$2,750,000"
Austin Barnes,C,"$2,750,000"
Rafael Montero,RP,"$2,725,000"
Chad Pinder,LF,"$2,725,000"
Jorge Alfaro,C,"$2,725,000"
Brent Suter,RP,"$2,700,000"
Chris Stratton,RP,"$2,700,000"
Oscar Colas,OF,"$2,700,000"
Joely Rodriguez,RP,"$2,650,000"
Nick Pivetta,SP,"$2,650,000"
Reynaldo Lopez,RP/CL,"$2,625,000"
Miguel Castro,RP,"$2,620,000"
Julio Rodriguez,CF,"$2,612,500"
Curt Casali,C,"$2,600,000"
Albert Pujols,DH,"$2,600,000"
Christian Walker,1B,"$2,600,000"
Owen Murphy,P,"$2,556,900"
Luis Urias,2B,"$2,550,000"
Nicky Lopez,3B,"$2,550,000"
Xavier Isaac,1B,"$2,548,900"
David Bote,2B,"$2,510,000"
Cal Quantrill,SP,"$2,510,000"
Diego Benitez,SS,"$2,500,000"
Drew Gilbert,CF,"$2,500,000"
Lazaro Montes,OF,"$2,500,000"
Kevin Pillar,CF,"$2,500,000"
Drew VerHagen,RP,"$2,500,000"
Aaron Bummer,RP,"$2,500,000"
Garrett Cooper,DH,"$2,500,000"
Roman Anthony,OF,"$2,500,000"
Matt Moore,RP,"$2,500,000"
Freddy Peralta,SP,"$2,484,960"
Ramon Laureano,RF,"$2,450,000"
Pablo Lopez,SP,"$2,450,000"
Jacob Stallings,C,"$2,450,000"
Sterlin Thompson,RF,"$2,430,500"
Adrian Houser,SP,"$2,425,000"
Eric Lauer,SP,"$2,425,000"
Giovanny Gallegos,RP,"$2,410,000"
J.R. Ritchie,P,"$2,400,000"
Joe Ross,SP,"$2,400,000"
Scott Barlow,RP/CL,"$2,400,000"
Jacob Misiorowski,SP,"$2,350,000"
Landon Sims,RP,"$2,347,050"
Emilio Pagan,RP,"$2,300,000"
Mikey Romero,SS,"$2,300,000"
Justin Wilson,RP,"$2,300,000"
Reggie Crawford,P,"$2,297,500"
Chris Paddack,SP,"$2,250,000"
Tony Kemp,2B,"$2,250,000"
Richard Bleier,RP,"$2,250,000"
Luis Meza,C,"$2,250,000"
A.J. Minter,RP/CL,"$2,200,000"
Dylan Beavers,RF,"$2,200,000"
Jordan Beck,OF,"$2,200,000"
Ryan Reckley,SS,"$2,200,000"
Javier Osorio,SS,"$2,200,000"
Wandy Peralta,RP,"$2,150,000"
Diego Castillo,RP,"$2,150,000"
Erick Fedde,SP,"$2,150,000"
Luis Arraez,2B,"$2,125,000"
Cavan Biggio,2B,"$2,122,500"
Ryne Stanek,RP,"$2,100,000"
Sal Stewart,3B,"$2,097,500"
Eric Brown Jr.,2B,"$2,050,000"
William Bergolla Jr.,SS,"$2,050,000"
Thomas Harrington,P,"$2,050,000"
Amir Garrett,RP,"$2,025,000"
Victor Caratini,C,"$2,000,000"
Matt Carpenter,3B,"$2,000,000"
Zach Plesac,SP,"$2,000,000"
Henry Bolte,OF,"$2,000,000"
Steve Cishek,RP,"$2,000,000"
Anibal Sanchez,SP,"$2,000,000"
Jose Quintana,SP,"$2,000,000"
Adam Engel,RF,"$2,000,000"
Caleb Smith,RP,"$2,000,000"
Anthony Gutierrez,OF,"$2,000,000"
Tucker Toman,2B,"$2,000,000"
Dalton Rushing,C,"$1,959,390"
Kevin Newman,SS,"$1,950,000"
Danny Jansen,C,"$1,950,000"
Rowdy Tellez,1B,"$1,940,000"
Emmanuel Clase,RP/CL,"$1,900,000"
Jose Alvarado,RP/CL,"$1,900,000"
Max Wagner,3B,"$1,900,000"
Simon Juan,OF,"$1,900,000"
Jose Cisnero,RP,"$1,900,000"
Carson Whisenhunt,SP,"$1,868,720"
Garrett Hampson,SS,"$1,862,500"
Andrew Kittredge,RP,"$1,850,000"
Jackson Cox,SP,"$1,850,000"
Blade Tidwell,SP,"$1,850,000"
Cutter Coffey,3B,"$1,850,000"
Austin Slater,CF,"$1,850,000"
Jace Peterson,3B,"$1,825,000"
Connor Prielipp,SP,"$1,825,000"
Hunter Strickland,RP,"$1,825,000"
Ben Gamel,LF,"$1,800,000"
Nelson Rada,OF,"$1,800,000"
Luis Cessa,SP,"$1,800,000"
Peyton Graham,3B,"$1,800,000"
Joe Jimenez,RP,"$1,790,000"
Brad Boxberger,RP,"$1,750,000"
Domingo German,SP,"$1,750,000"
Charlie Culberson,3B,"$1,750,000"
Kurt Suzuki,C,"$1,750,000"
Paul Sewald,RP/CL,"$1,735,000"
Jake Bennett,P,"$1,734,800"
Jarlin Garcia,RP,"$1,725,000"
Jacob Miller,SP,"$1,700,400"
Justin Campbell,SP,"$1,700,000"
Yasser Mercedes,OF,"$1,700,000"
Braylin Tavera,OF,"$1,700,000"
Cayden Wallace,3B,"$1,700,000"
Jarlin Susana,P,"$1,700,000"
Jonathan Loaisiga,RP,"$1,650,000"
Myles Straw,CF,"$1,650,000"
Victor Robles,CF,"$1,650,000"
Orlando Arcia,2B,"$1,600,000"
Tom Murphy,C,"$1,575,000"
Adam Cimber,RP,"$1,575,000"
Phil Maton,RP,"$1,550,000"
Hunter Barco,SP,"$1,525,000"
Jose Alvarez,RP,"$1,500,000"
Ehire Adrianza,SS,"$1,500,000"
Jay Jackson,RP,"$1,500,000"
Adan Sanchez,C,"$1,500,000"
Steven Brault,RP,"$1,500,000"
Jorge Lopez,RP,"$1,500,000"
Sean Doolittle,RP,"$1,500,000"
Peyton Pallette,SP,"$1,500,000"
Zach Davies,SP,"$1,500,000"
Reyes Moronta,RP,"$1,500,000"
Karson Milbrandt,SP,"$1,500,000"
Willy Fana,OF,"$1,500,000"
Matt Duffy,3B,"$1,500,000"
Spencer Turnbull,SP,"$1,500,000"
Cole Phillips,P,"$1,497,500"
Caden Dana,P,"$1,497,500"
Francisco Mejia,C,"$1,455,000"
Wander Franco,SS,"$1,454,545"
Tyler Matzek,RP,"$1,400,000"
Brett Phillips,CF,"$1,400,000"
Ivan Melendez,1B,"$1,400,000"
Jordan Luplow,OF,"$1,400,000"
Ryan Brasier,RP,"$1,400,000"
Victor Reyes,RF,"$1,400,000"
Johan Barrios,SS,"$1,385,000"
Dylan Moore,2B,"$1,350,000"
Hanser Alberto,2B,"$1,350,000"
Carter Young,SS,"$1,325,000"
Elieser Hernandez,RP,"$1,325,000"
Tim Hill,RP,"$1,325,000"
Douglas Glod,OF,"$1,300,000"
Alexis Hernandez,SS,"$1,300,000"
Parker Messick,SP,"$1,300,000"
Luis Baez,OF,"$1,300,000"
Miguel Andujar,3B,"$1,300,000"
Caleb Thielbar,RP,"$1,300,000"
Michael Arroyo,SS,"$1,300,000"
Martin Gonzalez,SS,"$1,300,000"
Ryan O'Hearn,1B,"$1,300,000"
Yendry Rojas,SS,"$1,300,000"
Bradley Zimmer,CF,"$1,300,000"
Robert Stephenson,RP,"$1,280,000"
Tyler Locklear,1B,"$1,276,500"
Harold Castro,3B,"$1,275,000"
Ryan Clifford,LF,"$1,256,530"
Luis Garcia,SP,"$1,251,500"
Walter Ford,P,"$1,250,000"
Kyle Crick,RP,"$1,250,000"
Adam Mazur,SP,"$1,250,000"
Nick Senzel,CF,"$1,250,000"
Lucas Sims,RP,"$1,250,000"
Tim Mayza,RP,"$1,250,000"
Jhonny Severino,SS,"$1,230,000"
Samuel Gil,SS,"$1,200,000"
Adam Maier,P,"$1,200,000"
Jaison Chourio,OF,"$1,200,000"
Victor Izturis,C,"$1,200,000"
Jacob Zibin,P,"$1,200,000"
Josh Naylor,1B,"$1,200,000"
Yordany De Los Santos,SS,"$1,200,000"
Luis Torrens,C,"$1,200,000"
Carlos Pacheco,OF,"$1,200,000"
Jon Berti,3B,"$1,200,000"
Freili Encarnacion,SS,"$1,200,000"
Christian Arroyo,2B,"$1,200,000"
Jose DeJesus,OF,"$1,200,000"
Randy de Jesus,OF,"$1,200,000"
Drew Thorpe,SP,"$1,187,600"
Marwin Gonzalez,3B,"$1,150,000"
Joey Lucchesi,SP,"$1,150,000"
Juan Perez,C,"$1,100,000"
Luis Lara,OF,"$1,100,000"
Clay Holmes,RP/CL,"$1,100,000"
Ashton Izzi,P,"$1,100,000"
Brycen Mautz,SP,"$1,100,000"
Abdias de la Cruz,SS,"$1,100,000"
Fraymi De Leon,SS,"$1,100,000"
Brock Jones,RF,"$1,077,600"
Tanner Scott,RP,"$1,050,000"
Taylor Hearn,RP,"$1,050,000"
Logan Tanner,C,"$1,030,500"
Jud Fabian,CF,"$1,026,800"
Casey Sadler,RP,"$1,025,000"
Tyler Kinley,RP,"$1,025,000"
Josh Taylor,RP,"$1,025,000"
Brett Martin,RP,"$1,025,000"
Tanner Schobel,SS,"$1,002,000"
Josh Kasevich,3B,"$1,000,000"
Trevor Richards,RP,"$1,000,000"
Guillermo Heredia,CF,"$1,000,000"
Darren O'Day,RP,"$1,000,000"
Kirby Yates,RP,"$1,000,000"
Nazier Mule,RP,"$1,000,000"
Jefferson Rojas,SS,"$1,000,000"
Jacob Melton,CF,"$1,000,000"
Michael Kennedy,SP,"$1,000,000"
Sandy Leon,C,"$1,000,000"
Brenner Cox,OF,"$1,000,000"
Erick Hernandez,OF,"$1,000,000"
Nick Morabito,2B,"$1,000,000"
Ben Joyce,RP,"$1,000,000"
Jake Madden,RP,"$997,500"
Daniel Coulombe,RP,"$979,500"
Taylor Clarke,RP,"$975,000"
Stephen Vogt,C,"$950,000"
Jeffrey Springs,SP,"$947,500"
Andres Munoz,RP,"$937,500"
Jordan Hicks,RP,"$937,500"
Kyle Higashioka,C,"$935,000"
Jonathan Cannon,SP,"$925,000"
Austin Adams,RP,"$925,000"
Jeff Hoffman,RP,"$925,000"
Lucas Luetge,RP,"$905,000"
Christopher Paciolla,SS,"$900,000"
Luke Maile,C,"$900,000"
Tony Blanco Jr.,OF,"$900,000"
Robinson Chirinos,C,"$900,000"
Clark Elliott,RF,"$900,000"
Victor Arano,RP,"$900,000"
Yeral Nin,SS,"$900,000"
Jason Adam,RP,"$900,000"
Maykol MuÃ±oz,3B,"$900,000"
Brandon Drury,3B,"$900,000"
Tomas Nido,C,"$890,000"
Austin Voth,SP,"$875,000"
Luis Guillorme,2B,"$875,000"
Tanner Rainey,RP,"$860,000"
Ryan Borucki,RP,"$850,000"
Justin Boyd,OF,"$850,000"
Buck Farmer,RP,"$850,000"
Nick Anderson,RP,"$845,000"
John Brebbia,RP,"$837,500"
Cade Doughty,2B,"$833,600"
Bo Bichette,SS,"$825,000"
Matt Bush,RP,"$825,000"
Franchy Cordero,1B,"$825,000"
Deolis Guerra,RP,"$815,000"
Andrew Taylor,SP,"$807,200"
Josue BriceÃ±o,C,"$800,000"
Heison Sanchez,SS,"$800,000"
Miguel Diaz,RP,"$800,000"
Andrew Vasquez,RP,"$800,000"
Robert Moore,2B,"$800,000"
Joe Lampe,CF,"$800,000"
Rafael Ramirez,SS,"$800,000"
Josh James,RP,"$800,000"
Cesar Gonzalez,C,"$800,000"
Juan Olmos,C,"$800,000"
Henry Ramos,OF,"$800,000"
Keynan Middleton,RP,"$800,000"
Dan Vogelbach,DH,"$800,000"
Henry Williams,SP,"$800,000"
Rob Refsnyder,RF,"$800,000"
Anthony Bemboom,C,"$780,000"
Carson Palmquist,RP,"$775,000"
Jacob Reimer,3B,"$775,000"
Jack Brannigan,3B,"$770,700"
Yordan Alvarez,DH,"$764,600"
Kyle Tucker,RF,"$764,200"
Peter Lambert,SP,"$762,500"
Jonathan India,2B,"$760,000"
Trey Lipscomb,3B,"$758,900"
Jake Cronenworth,2B,"$757,200"
Colby Thomas,RF,"$750,000"
Dylan Cease,SP,"$750,000"
Cesar Vargas,P,"$750,000"
Ty Blach,RP,"$750,000"
Ruben Santana,SS,"$750,000"
Yoffry Solano,SS,"$750,000"
Ryan Cermak,RF,"$750,000"
Chandler Simpson,2B,"$750,000"
Jalen Beeks,RP,"$750,000"
Drew Smith,RP,"$750,000"
Cristian Javier,SP,"$749,100"
Jose Urquidy,SP,"$748,700"
Zac Gallen,SP,"$745,600"
Alec Mills,SP,"$741,250"
Rafael Ortega,DH,"$738,500"
Ty France,1B,"$734,500"
Codi Heuer,RP,"$734,000"
Josh Rojas,3B,"$730,900"
Abraham Toro,3B,"$730,300"
Alek Manoah,SP,"$730,000"
Tyler Rogers,RP,"$730,000"
LaMonte Wade Jr.,LF,"$730,000"
Logan Webb,SP,"$730,000"
Patrick Wisdom,3B,"$730,000"
Ranger Suarez,SP,"$730,000"
Dustin May,SP,"$730,000"
Will Smith,C,"$730,000"
Michael Kopech,SP,"$730,000"
Jaime Barria,RP,"$730,000"
Griffin Canning,SP,"$730,000"
Jared Walsh,1B,"$730,000"
Trent Grisham,CF,"$729,300"
Zack Collins,DH,"$728,400"
Josh Staumont,RP,"$728,000"
Harold Ramirez,RF,"$728,000"
Nestor Cortes,SP,"$727,500"
Austin Nola,C,"$726,900"
Caleb Ferguson,RP,"$726,500"
Brady Singer,SP,"$726,250"
Kyle Finnegan,RP/CL,"$725,900"
Trevor Gott,RP,"$725,000"
Seranthony Dominguez,RP,"$725,000"
Sean Murphy,C,"$725,000"
JT Brubaker,SP,"$725,000"
Mitch Keller,SP,"$725,000"
Duane Underwood,RP,"$725,000"
Rowan Wick,RP,"$724,000"
Lane Thomas,CF,"$723,600"
Santiago Espinal,2B,"$723,550"
Tommy Edman,SS,"$722,900"
Pavin Smith,RF,"$722,900"
Michael King,RP,"$722,500"
Ryan Helsley,RP/CL,"$722,450"
Gregory Soto,RP,"$722,400"
Reese McGuire,C,"$722,400"
Trevor Rogers,SP,"$722,000"
Daulton Varsho,CF,"$721,700"
Nabil Crismatt,RP,"$721,500"
Cody Stashak,RP,"$720,400"
Taylor Ward,RF,"$720,000"
Jonathan Hernandez,RP,"$720,000"
Dennis Santana,RP,"$720,000"
Nick Solak,LF,"$720,000"
Kyle Wright,SP,"$720,000"
Huascar Ynoa,SP,"$720,000"
Jose Trevino,C,"$720,000"
Nico Hoerner,SS,"$720,000"
Anthony Gonsolin,SP,"$720,000"
Victor Gonzalez,RP,"$720,000"
Brusdar Graterol,RP,"$720,000"
Gavin Lux,2B,"$720,000"
Evan Phillips,RP/CL,"$720,000"
Alex Vesia,RP,"$720,000"
Jose Ruiz,RP,"$720,000"
Garrett Whitlock,RP,"$720,000"
Jo Adell,RF,"$720,000"
Tejay Antone,RP,"$720,000"
Jimmy Herget,RP,"$720,000"
Aristides Aquino,RF,"$720,000"
Justin Dunn,SP,"$720,000"
Jose Quijada,RP,"$720,000"
Tyler Stephenson,C,"$720,000"
Patrick Sandoval,SP,"$720,000"
Jose Suarez,SP,"$720,000"
Bryan Abreu,RP,"$719,600"
Andrew Knizner,C,"$718,300"
Adbert Alzolay,RP,"$718,250"
Jazz Chisholm,2B,"$718,000"
Jorge Alcala,RP,"$717,900"
Sean Reid-Foley,RP,"$717,500"
Sean Poppen,RP,"$717,400"
Brad Wieck,RP,"$717,000"
Joe Mantiply,RP,"$717,000"
Tyler Alexander,SP,"$716,900"
Aaron Civale,SP,"$716,900"
Randy Arozarena,LF,"$716,600"
Nick Madrigal,2B,"$716,500"
Cedric Mullins,CF,"$716,500"
Paolo Espino,SP,"$716,200"
Nate Lowe,1B,"$716,000"
Tanner Houck,RP,"$716,000"
Edmundo Sosa,SS,"$715,600"
Thairo Estrada,2B,"$715,000"
Mauricio Dubon,CF,"$715,000"
Alec Bohm,3B,"$715,000"
Connor Brogdon,RP,"$715,000"
David Bednar,RP/CL,"$715,000"
Blake Cederlind,RP,"$715,000"
Wil Crowe,RP,"$715,000"
Bryse Wilson,SP,"$715,000"
Garrett Crochet,RP,"$715,000"
Andrew Vaughn,DH,"$715,000"
Jesus Luzardo,SP,"$715,000"
Anthony Misiewicz,RP,"$714,900"
Devin Williams,RP/CL,"$714,500"
James Karinchak,RP,"$714,500"
Pete Fairbanks,RP/CL,"$714,400"
Jake Woodford,RP,"$714,350"
Casey Mize,SP,"$714,200"
Brock Burke,RP,"$714,000"
Dane Dunning,SP,"$714,000"
Alejandro Kirk,C,"$714,000"
Adolis Garcia,RF,"$714,000"
Jonah Heim,C,"$714,000"
John King,RP,"$714,000"
Josh Sborz,RP,"$714,000"
Eli White,OF,"$714,000"
Yadiel Hernandez,LF,"$714,000"
Danny Mendick,2B,"$714,000"
Bobby Dalbec,1B,"$714,000"
Kris Bubic,SP,"$713,750"
Humberto Castellanos,SP,"$713,700"
Tarik Skubal,SP,"$713,600"
Carter Kieboom,3B,"$713,400"
Ryan Jeffers,C,"$713,050"
Austin Hays,LF,"$713,000"
Anthony Bender,RP,"$713,000"
Clarke Schmidt,RP,"$712,500"
Sergio Alcantara,3B,"$712,500"
Brooks Brannon,C,"$712,500"
Logan Gilbert,SP,"$712,300"
Drew Rasmussen,SP,"$711,800"
Erik Swanson,RP,"$711,600"
Dillon Tate,RP,"$711,500"
Yohan Ramirez,RP,"$711,400"
Shane McClanahan,SP,"$711,400"
Jake Brentz,RP,"$711,250"
Tyrone Taylor,CF,"$711,100"
Ryan Mountcastle,1B,"$711,000"
Jake Meyers,OF,"$710,500"
Tyler Zuber,RP,"$710,500"
J.T. Chargois,RP,"$710,500"
Eric Haase,C,"$710,400"
Jordan Romano,RP/CL,"$710,400"
Kyle Funkhouser,RP,"$710,200"
Tucker Davidson,SP,"$710,000"
Reid Detmers,SP,"$710,000"
Chris Rodriguez,SP,"$710,000"
William Contreras,C,"$710,000"
Spencer Strider,SP,"$710,000"
Brandon Marsh,LF,"$710,000"
Paul Blackburn,SP,"$710,000"
Cristian Pache,CF,"$710,000"
Austin Gomber,RP,"$710,000"
Brendan Rodgers,2B,"$710,000"
Garrett Cleavinger,RP,"$710,000"
Jake Fraley,LF,"$710,000"
Keegan Akin,RP,"$709,500"
Jorge Mateo,SS,"$709,500"
Akil Baddoo,CF,"$709,400"
Steven Okert,RP,"$709,000"
Jesus Sanchez,CF,"$709,000"
Joel Payamps,RP,"$708,750"
Carlos Hernandez,RP,"$708,750"
J.P. Feyereisen,RP,"$708,600"
Alex Kirilloff,OF,"$708,250"
Andres Machado,RP,"$708,200"
Vladimir Gutierrez,SP,"$707,500"
Tayler Saucedo,RP,"$707,500"
Joey Bart,C,"$707,500"
Albert Abreu,RP,"$707,500"
Tylor Megill,RP,"$707,500"
Josh Fleming,RP,"$707,400"
Triston McKenzie,SP,"$707,100"
Nick Gordon,SS,"$706,800"
Riley Adams,C,"$706,700"
Andres Gimenez,2B,"$706,600"
Jake Cousins,RP,"$706,400"
Jake Rogers,C,"$706,300"
Michael Brosseau,3B,"$706,300"
Trent Thornton,RP,"$706,200"
Bailey Ober,SP,"$706,200"
Jarred Kelenic,LF,"$706,200"
Keegan Thompson,SP,"$706,000"
Gavin Sheets,DH,"$706,000"
Bryan De La Cruz,CF,"$706,000"
Dean Kremer,SP,"$705,500"
Ramon Urias,3B,"$705,500"
Edward Olivares,OF,"$705,500"
Yu-Cheng Chang,SS,"$705,400"
Matt Manning,SP,"$705,300"
Lars Nootbaar,OF,"$705,200"
Keston Hiura,2B,"$705,100"
Hoby Milner,RP,"$705,100"
Justin Steele,SP,"$705,000"
Cionel Perez,RP,"$705,000"
Seth Brown,LF,"$705,000"
Cole Irvin,SP,"$705,000"
James Kaprielian,SP,"$705,000"
A.J. Puk,RP/CL,"$705,000"
Max Kranick,SP,"$705,000"
Nick Mears,RP,"$705,000"
Zach Thompson,RP,"$705,000"
Yonathan Daza,CF,"$705,000"
Miguel Yajure,RP,"$705,000"
Daniel Castano,SP,"$705,000"
Javier Guerra,RP,"$704,900"
Rony Garcia,SP,"$704,800"
Aaron Ashby,SP,"$704,500"
Garrett Stubbs,C,"$704,500"
Tyler Wells,SP,"$704,500"
Adrian Morejon,RP,"$704,500"
Joe Barlow,RP,"$704,000"
Matt Vierling,OF,"$704,000"
Ryan McKenna,CF,"$704,000"
Cody Poteet,RP,"$704,000"
Jose Siri,CF,"$704,000"
Taylor Walls,SS,"$704,000"
Chas McCormick,CF,"$703,800"
Camilo Doval,RP/CL,"$703,750"
Sammy Long,RP,"$703,750"
Alex Lange,RP/CL,"$703,700"
Daniel Lynch,SP,"$703,600"
Josiah Gray,SP,"$703,500"
Trevor Stephan,RP,"$703,400"
Bailey Falter,SP,"$703,000"
Sean Guenther,RP,"$703,000"
Dylan Carlson,RF,"$703,000"
Anthony Gose,RP,"$702,900"
Cal Raleigh,C,"$702,900"
Gilberto Celestino,LF,"$702,850"
Jose Barrero,SS,"$702,500"
Tony Santillan,RP,"$702,500"
Art Warren,RP,"$702,500"
Stephen Ridings,RP,"$702,500"
Michael Rucker,RP,"$702,500"
Sam Hentges,RP,"$702,500"
Jake McCarthy,OF,"$702,400"
Justin Topa,RP,"$702,200"
Mason Thompson,RP,"$702,200"
Eli Morgan,RP,"$702,100"
Kent Emanuel,RP,"$702,000"
Lucas Gilbreath,RP,"$702,000"
Connor Joe,LF,"$702,000"
Alan Trejo,SS,"$702,000"
Kutter Crawford,SP,"$702,000"
Kyle Isbel,RF,"$701,900"
Nick Sandlin,RP,"$701,700"
Joshua Palacios,CF,"$701,700"
Joe Ryan,SP,"$701,650"
Scott Effross,RP,"$701,500"
Alfonso Rivas,1B,"$701,500"
Jason Foley,RP,"$701,400"
Keibert Ruiz,C,"$701,300"
Geraldo Perdomo,SS,"$701,300"
Brendan McKay,SP,"$701,200"
Owen Miller,1B,"$701,100"
Shane Baz,SP,"$701,100"
Mickey Moniak,CF,"$701,000"
Mike Baumann,RP,"$701,000"
Ernie Clement,2B,"$700,800"
Dylan Coleman,RP,"$700,650"
Bryan Baker,RP,"$700,500"
Jhon Romero,RP,"$700,400"
Otto Lopez,SS,"$700,200"
Matt Brash,RP,"$700,100"
Darwinzon Hernandez,RP,"$700,000"
Zack Kelly,RP,"$700,000"
Rosman Verdugo,SS,"$700,000"
Jonathan Aranda,1B,"$700,000"
Kaleb Ort,RP,"$700,000"
John Schreiber,RP,"$700,000"
Chase Anderson,SP,"$700,000"
Graham Ashcraft,SP,"$700,000"
Canaan Smith-Njigba,LF,"$700,000"
Shawn Armstrong,RP,"$700,000"
Fernando Cruz,RP,"$700,000"
Connor Wong,C,"$700,000"
Alexis Diaz,RP/CL,"$700,000"
Eric Stout,RP,"$700,000"
Jose Azocar,OF,"$700,000"
Christian Bethancourt,C,"$700,000"
Jhonathan Diaz,SP,"$700,000"
Jack Suwinski,LF,"$700,000"
Vidal Brujan,2B,"$700,000"
Stuart Fairchild,OF,"$700,000"
Luis Campusano,C,"$700,000"
T.J. Friedl,CF,"$700,000"
Logan O'Hoppe,C,"$700,000"
Ian Gibaut,RP,"$700,000"
Hunter Greene,SP,"$700,000"
Beau Brieske,SP,"$700,000"
Luis Rengifo,2B,"$700,000"
Joel Kuhnel,RP,"$700,000"
Derek Law,RP,"$700,000"
Brandon Dixon,1B,"$700,000"
Nick Lodolo,SP,"$700,000"
Kerry Carpenter,LF,"$700,000"
Alejo Lopez,2B,"$700,000"
Willi Castro,SS,"$700,000"
Livan Soto,SS,"$700,000"
Connor Overton,RP,"$700,000"
Kody Clemens,2B,"$700,000"
Michael Stefanic,2B,"$700,000"
Matt Reynolds,3B,"$700,000"
Brendon Davis,SS,"$700,000"
Matt Thaiss,1B,"$700,000"
Chuckie Robinson,C,"$700,000"
Angel De Jesus,RP,"$700,000"
Austin Romine,C,"$700,000"
Reiver Sanmartin,RP,"$700,000"
Bryan Garcia,RP,"$700,000"
Mike Siani,OF,"$700,000"
Riley Greene,CF,"$700,000"
Andrew Velazquez,SS,"$700,000"
Garrett Hill,SP,"$700,000"
Spencer Steer,SS,"$700,000"
Ryan Kreidler,SS,"$700,000"
Nash Walters,SP,"$700,000"
Andrew Wantz,RP,"$700,000"
Daniel Norris,RP,"$700,000"
Zack Weiss,RP,"$700,000"
Jackie Bradley Jr.,CF,"$700,000"
Rob Zastryzny,RP,"$700,000"
Vinny Capra,SS,"$700,000"
Isaac Paredes,3B,"$700,000"
Spencer Torkelson,1B,"$700,000"
Will Vest,RP,"$700,000"
Rene Pinto,C,"$700,000"
Steven Wilson,RP,"$700,000"
Colin Poche,RP,"$700,000"
Roman Quinn,CF,"$700,000"
A.J. Alexy,RP,"$700,000"
Gabriel Moreno,C,"$700,000"
Jason Alexander,RP,"$700,000"
Silvino Bracho,RP,"$700,000"
Ryan Thompson,RP,"$700,000"
Jandel Gustave,RP,"$700,000"
Zach Pop,RP,"$700,000"
Alex Jackson,C,"$700,000"
